<?xml version="1.0" encoding="UTF-8"?>
<metadata xml:lang="en"><Esri><CreaDate>20120427</CreaDate><CreaTime>14495700</CreaTime><ArcGISFormat>1.0</ArcGISFormat><SyncOnce>TRUE</SyncOnce><DataProperties><lineage><Process ToolSource="C:\Program Files\ArcGIS\Desktop10.0\ArcToolbox\Toolboxes\Spatial Analyst Tools.tbx\RasterCalculator" Date="20110905" Time="133339">RasterCalculator Int("mthood_prj" * 5) D:\patk\gis\all_sky\geodata\final\mt_hood\mthood_ve5</Process></lineage><itemProps><itemLocation><linkage Sync="TRUE">file://\\HUTTON\C$\geodata\mthood_ve5</linkage><protocol Sync="TRUE">Local Area Network</protocol></itemLocation></itemProps><copyHistory><copy source="D:\patk\gis\all_sky\geodata\final\mt_hood\mthood_ve5" dest="\\HUTTON\C$\geodata\mthood_ve5" date="20120427" time="14495700"></copy></copyHistory></DataProperties></Esri></metadata>
